TASK-001	1	Backlog
TASK-002	2	Backlog
TASK-003	3	Backlog
TASK-004	4	Backlog
TASK-005	5	Backlog
TASK-010	6	Backlog
TASK-011	7	Backlog
TASK-012	8	Backlog
TASK-013	9	Backlog
TASK-014	10	Backlog
TASK-015	11	Backlog
TASK-016	12	Backlog
TASK-017	13	Backlog
TASK-018	14	Backlog
TASK-019	15	Backlog
TASK-020	16	Backlog
TASK-021	17	Backlog
TASK-022	18	Backlog
TASK-023	19	Backlog
TASK-024	20	Backlog
TASK-030	21	Backlog
TASK-031	22	Backlog
TASK-032	23	Backlog
TASK-033	24	Backlog
TASK-034	25	Backlog
TASK-035	26	Backlog
TASK-036	27	Backlog
TASK-037	28	Backlog
TASK-038	29	Backlog
TASK-039	30	Backlog
TASK-040	31	Backlog
TASK-041	32	Backlog
TASK-050	33	Backlog
TASK-051	34	Backlog
TASK-052	35	Backlog
TASK-053	36	Backlog
TASK-054	37	Backlog
TASK-055	38	Backlog
TASK-056	39	Backlog
TASK-057	40	Backlog
TASK-058	41	Backlog
TASK-059	42	Backlog
TASK-060	43	Backlog
TASK-061	44	Backlog
TASK-062	45	Backlog
TASK-063	46	Backlog
TASK-070	47	Backlog
TASK-071	48	Backlog
TASK-072	49	Backlog
TASK-073	50	Backlog
TASK-074	51	Backlog
TASK-075	52	Backlog
TASK-076	53	Backlog
TASK-077	54	Backlog
TASK-078	55	Backlog
TASK-079	56	Backlog
TASK-080	57	Backlog
TASK-081	58	Backlog
TASK-082	59	Backlog
TASK-090	60	Backlog
TASK-091	61	Backlog
TASK-092	62	Backlog
TASK-093	63	Backlog
TASK-094	64	Backlog
TASK-095	65	Backlog
TASK-096	66	Backlog
TASK-100	67	Backlog
TASK-101	68	Backlog
TASK-102	69	Backlog
TASK-103	70	Backlog
TASK-104	71	Backlog
TASK-105	72	Backlog
TASK-106	73	Backlog
TASK-110	74	Backlog
TASK-111	75	Backlog
TASK-112	76	Backlog
TASK-113	77	Backlog
TASK-114	78	Backlog
TASK-115	79	Backlog
